sample_id,user_id,song_path,song_key,ground_truth_filename,response_index,intended_emotion,time_spent_seconds,song_amusement,true_amusement,song_anger,true_anger,song_sadness,true_sadness,song_contentment,true_contentment,song_disgust,true_disgust,song_awe,true_awe,song_fear,true_fear,song_excitement,true_excitement
user_109856__sadness_03440_mp3__r000,user_109856,songs/sadness/sadness_03440.mp3,sadness_03440.mp3,sadness\sadness_03440.mp3,0,sadness,81,0.4182,0.59,0.2424,0.22,1.0,0.59,0.3818,0.47,0.0,0.24,0.6545,0.65,0.5212,0.25,0.0303,0.64
user_109856__amusement_08297_mp3__r001,user_109856,songs/amusement/amusement_08297.mp3,amusement_08297.mp3,amusement\amusement_08297.mp3,1,amusement,65,1.0,0.23,0.5046,0.72,0.1651,0.69,0.1009,0.15,0.0,0.62,0.3899,0.96,0.7936,0.73,0.9037,0.57
user_109856__amusement_08307_mp3__r002,user_109856,songs/amusement/amusement_08307.mp3,amusement_08307.mp3,amusement\amusement_08307.mp3,2,amusement,85,1.0,0.41,0.2195,0.4,0.6829,0.5,0.2846,0.23,0.0,0.55,0.0244,0.7,0.5285,0.75,0.1382,0.47
user_121546__sadness_07944_mp3__r000,user_121546,songs/sadness/sadness_07944.mp3,sadness_07944.mp3,sadness\sadness_07944.mp3,0,sadness,204,0.748,0.21,0.252,0.0,1.0,0.22,0.561,0.46,0.5854,0.0,0.5691,0.24,0.0,0.21,0.1545,0.68
user_121546__sadness_03457_mp3__r001,user_121546,songs/sadness/sadness_03457.mp3,sadness_03457.mp3,sadness\sadness_03457.mp3,1,sadness,93,0.6587,0.04,0.8942,0.46,1.0,0.62,0.0,0.06,0.3317,0.45,0.9663,0.45,0.851,0.16,0.5577,0.16
user_121546__anger_01989_mp3__r002,user_121546,songs/anger/anger_01989.mp3,anger_01989.mp3,anger\anger_01989.mp3,2,anger,62,0.6554,0.42,1.0,0.17,0.6149,0.18,0.2973,0.45,0.1824,0.0,0.5541,0.0,0.0,0.0,0.8986,0.67
user_121546__anger_09078_mp3__r003,user_121546,songs/anger/anger_09078.mp3,anger_09078.mp3,anger\anger_09078.mp3,3,anger,51,0.4925,0.2,1.0,0.19,0.2799,0.47,0.0,0.2,0.3396,0.42,0.597,0.6,0.4291,0.45,0.5672,0.22
user_121546__contentment_09986_mp3__r004,user_121546,songs/contentment/contentment_09986.mp3,contentment_09986.mp3,contentment\contentment_09986.mp3,4,contentment,45,0.4371,0.46,0.2934,0.22,0.1677,0.21,1.0,0.15,0.2994,0.16,0.994,0.45,0.0,0.15,0.515,0.43
user_121546__amusement_08302_mp3__r005,user_121546,songs/amusement/amusement_08302.mp3,amusement_08302.mp3,amusement\amusement_08302.mp3,5,amusement,34,1.0,0.19,0.0,0.65,0.26,0.22,0.84,0.46,0.15,0.47,0.09,0.46,0.42,0.25,0.66,0.63
user_121546__contentment_10027_mp3__r006,user_121546,songs/contentment/contentment_10027.mp3,contentment_10027.mp3,contentment\contentment_10027.mp3,6,contentment,43,0.2685,0.0,0.0134,0.45,0.3087,0.66,1.0,0.16,0.2416,0.65,0.5034,0.19,0.1946,0.41,0.0,0.19
user_121546__amusement_02938_mp3__r007,user_121546,songs/amusement/amusement_02938.mp3,amusement_02938.mp3,amusement\amusement_02938.mp3,7,amusement,45,1.0,0.46,0.8667,0.41,0.6857,0.15,0.5714,0.22,0.2857,0.45,0.0,0.18,0.7619,0.4,0.5619,0.68
user_121546__awe_09148_mp3__r008,user_121546,songs/awe/awe_09148.mp3,awe_09148.mp3,awe\awe_09148.mp3,8,awe,37,0.4323,0.48,0.33,0.2,0.3432,0.04,0.6799,0.48,0.0,0.19,1.0,0.48,0.0066,0.05,0.5116,0.19
user_121546__fear_09248_mp3__r009,user_121546,songs/fear/fear_09248.mp3,fear_09248.mp3,fear\fear_09248.mp3,9,fear,37,0.3786,0.16,0.6643,0.58,0.0,0.42,0.2286,0.01,0.4429,0.63,0.1929,0.19,1.0,0.19,0.5429,0.42
user_121546__fear_09195_mp3__r010,user_121546,songs/fear/fear_09195.mp3,fear_09195.mp3,fear\fear_09195.mp3,10,fear,54,0.5,0.0,0.6736,0.89,0.5972,0.65,0.0,0.15,0.3542,0.64,0.4375,0.61,1.0,0.69,0.3611,0.45
user_121546__disgust_04041_mp3__r011,user_121546,songs/disgust/disgust_04041.mp3,disgust_04041.mp3,disgust\disgust_04041.mp3,11,disgust,30,0.5745,0.18,0.0,0.42,0.9681,0.44,0.766,0.19,1.0,0.63,0.4362,0.46,0.7872,0.46,0.6809,0.47
user_121546__excitement_07984_mp3__r012,user_121546,songs/excitement/excitement_07984.mp3,excitement_07984.mp3,excitement\excitement_07984.mp3,12,excitement,31,0.7941,0.68,0.7157,0.0,0.4314,0.09,0.6618,0.43,0.0,0.2,0.902,0.45,0.5637,0.08,1.0,0.48
user_121546__excitement_15991_mp3__r013,user_121546,songs/excitement/excitement_15991.mp3,excitement_15991.mp3,excitement\excitement_15991.mp3,13,excitement,41,0.5673,0.66,0.2212,0.68,0.0,0.45,0.5096,0.5,0.0865,0.24,0.7885,0.62,0.3654,0.21,1.0,0.68
user_121546__disgust_02529_mp3__r014,user_121546,songs/disgust/disgust_02529.mp3,disgust_02529.mp3,disgust\disgust_02529.mp3,14,disgust,28,0.6063,0.6,0.7717,0.41,0.8976,0.64,0.126,0.17,1.0,0.62,0.2598,0.51,0.0,0.21,0.2205,0.45
user_121546__awe_09155_mp3__r015,user_121546,songs/awe/awe_09155.mp3,awe_09155.mp3,awe\awe_09155.mp3,15,awe,31,0.3114,0.48,0.2491,0.23,0.1502,0.45,0.0,0.48,0.3333,0.62,1.0,0.48,0.1868,0.25,0.2198,0.51
user_149689__amusement_17647_mp3__r000,user_149689,songs/amusement/amusement_17647.mp3,amusement_17647.mp3,amusement\amusement_17647.mp3,0,amusement,74,1.0,0.51,0.5949,0.41,0.3354,0.49,0.0,0.38,0.2532,0.58,0.6329,0.51,0.6709,0.57,0.7911,0.38
user_230868__awe_09165_mp3__r000,user_230868,songs/awe/awe_09165.mp3,awe_09165.mp3,awe\awe_09165.mp3,0,awe,125,0.351,0.41,0.2122,0.0,0.0,0.0,0.0735,0.14,0.1959,0.09,1.0,0.31,0.2163,0.0,0.2735,0.11
user_230868__excitement_16004_mp3__r001,user_230868,songs/excitement/excitement_16004.mp3,excitement_16004.mp3,excitement\excitement_16004.mp3,1,excitement,61,0.5376,0.29,0.1452,0.0,0.1129,0.0,0.8602,0.0,0.0,0.0,0.3495,0.0,0.1398,0.0,1.0,0.66
user_230868__sadness_06469_mp3__r002,user_230868,songs/sadness/sadness_06469.mp3,sadness_06469.mp3,sadness\sadness_06469.mp3,2,sadness,108,0.7656,0.48,0.4141,0.0,1.0,0.0,0.5156,0.89,0.3047,0.0,0.6719,0.0,0.0859,0.0,0.0,0.6
user_230868__awe_14548_mp3__r003,user_230868,songs/awe/awe_14548.mp3,awe_14548.mp3,awe\awe_14548.mp3,3,awe,81,0.3024,0.4,0.161,0.0,0.0293,0.0,0.3707,0.33,0.0,0.39,1.0,0.0,0.2732,0.0,0.439,0.36
user_230868__amusement_19692_mp3__r004,user_230868,songs/amusement/amusement_19692.mp3,amusement_19692.mp3,amusement\amusement_19692.mp3,4,amusement,48,1.0,0.0,0.4969,0.75,0.1288,0.91,0.319,0.2,0.0,0.8,0.9755,0.22,0.6748,0.71,0.5828,0.43
user_230868__disgust_00509_mp3__r005,user_230868,songs/disgust/disgust_00509.mp3,disgust_00509.mp3,disgust\disgust_00509.mp3,5,disgust,52,0.2479,0.0,0.7949,0.0,0.2479,0.41,0.3932,0.39,1.0,0.23,0.9402,0.68,0.4188,0.26,0.0,0.0
user_230868__contentment_09968_mp3__r006,user_230868,songs/contentment/contentment_09968.mp3,contentment_09968.mp3,contentment\contentment_09968.mp3,6,contentment,56,0.4415,0.74,0.0,0.16,0.4415,0.46,1.0,0.66,0.0957,0.58,0.8883,0.61,0.1596,0.28,0.2287,0.0
user_230868__fear_09170_mp3__r007,user_230868,songs/fear/fear_09170.mp3,fear_09170.mp3,fear\fear_09170.mp3,7,fear,47,0.8523,0.54,0.3221,0.0,0.4631,0.0,0.7785,0.45,0.349,0.0,0.0,0.38,1.0,0.0,0.557,0.84
user_230868__contentment_09985_mp3__r008,user_230868,songs/contentment/contentment_09985.mp3,contentment_09985.mp3,contentment\contentment_09985.mp3,8,contentment,58,0.55,0.84,0.1292,0.0,0.2042,0.0,1.0,0.54,0.3875,0.09,0.225,0.51,0.0,0.0,0.3,1.0
user_230868__anger_08256_mp3__r009,user_230868,songs/anger/anger_08256.mp3,anger_08256.mp3,anger\anger_08256.mp3,9,anger,41,0.4257,0.0,1.0,0.52,0.6892,0.0,0.0811,0.87,0.1892,0.79,0.5068,0.52,0.0,0.8,0.5743,0.0
user_230868__fear_09173_mp3__r010,user_230868,songs/fear/fear_09173.mp3,fear_09173.mp3,fear\fear_09173.mp3,10,fear,45,0.2439,0.0,0.3415,0.74,0.5447,0.97,0.2439,0.31,0.0,0.47,0.3984,0.37,1.0,0.85,0.4065,0.83
user_230868__sadness_07972_mp3__r011,user_230868,songs/sadness/sadness_07972.mp3,sadness_07972.mp3,sadness\sadness_07972.mp3,11,sadness,42,0.62,0.18,0.44,0.65,1.0,0.68,0.0,0.39,0.15,0.86,0.18,0.29,0.13,0.76,0.12,0.83
user_230868__amusement_08269_mp3__r012,user_230868,songs/amusement/amusement_08269.mp3,amusement_08269.mp3,amusement\amusement_08269.mp3,12,amusement,47,1.0,0.76,0.0,0.0,0.0603,0.0,0.1724,0.94,0.1897,0.0,0.3362,0.67,0.0862,0.0,0.9483,0.69
user_230868__excitement_15995_mp3__r013,user_230868,songs/excitement/excitement_15995.mp3,excitement_15995.mp3,excitement\excitement_15995.mp3,13,excitement,81,0.7316,0.0,0.4545,0.8,0.4459,0.8,0.8182,0.44,0.0,0.54,0.8658,0.44,0.6753,0.64,1.0,0.0
user_230868__disgust_06466_mp3__r014,user_230868,songs/disgust/disgust_06466.mp3,disgust_06466.mp3,disgust\disgust_06466.mp3,14,disgust,48,0.0,0.0,0.8198,1.0,0.4775,1.0,0.4144,0.37,1.0,0.89,0.018,0.43,0.0541,1.0,0.3604,0.49
user_230868__anger_01988_mp3__r015,user_230868,songs/anger/anger_01988.mp3,anger_01988.mp3,anger\anger_01988.mp3,15,anger,52,0.8025,0.81,1.0,0.0,0.5123,0.0,0.0,0.0,0.3457,0.0,0.5556,0.0,0.3889,0.24,0.9259,0.6
user_262493__contentment_10110_mp3__r000,user_262493,songs/contentment/contentment_10110.mp3,contentment_10110.mp3,contentment\contentment_10110.mp3,0,contentment,66,0.7361,0.67,0.0,0.21,0.4792,0.0,1.0,0.48,0.3472,0.0,0.4236,0.49,0.5764,0.0,0.1944,0.73
user_262493__amusement_08284_mp3__r001,user_262493,songs/amusement/amusement_08284.mp3,amusement_08284.mp3,amusement\amusement_08284.mp3,1,amusement,72,1.0,0.23,0.1953,0.0,0.0355,0.0,0.4556,0.23,0.3018,0.0,0.0,0.0,0.7574,0.0,0.7456,0.11
user_262493__amusement_08336_mp3__r002,user_262493,songs/amusement/amusement_08336.mp3,amusement_08336.mp3,amusement\amusement_08336.mp3,2,amusement,27,1.0,0.49,0.3284,0.48,0.5299,0.0,0.0,0.23,0.791,0.18,0.1716,0.28,0.6493,0.0,0.0746,0.59
user_262493__awe_09115_mp3__r003,user_262493,songs/awe/awe_09115.mp3,awe_09115.mp3,awe\awe_09115.mp3,3,awe,34,0.476,0.56,0.149,0.41,0.0,0.0,0.625,0.42,0.25,0.0,1.0,0.58,0.3221,0.0,0.4135,0.56
user_262493__disgust_00534_mp3__r004,user_262493,songs/disgust/disgust_00534.mp3,disgust_00534.mp3,disgust\disgust_00534.mp3,4,disgust,34,0.3419,0.53,0.7949,0.39,0.3419,0.0,0.188,0.28,1.0,0.0,0.0,0.39,0.812,0.61,0.5385,0.44
user_262493__contentment_08263_mp3__r005,user_262493,songs/contentment/contentment_08263.mp3,contentment_08263.mp3,contentment\contentment_08263.mp3,5,contentment,34,0.0291,0.38,0.1456,0.37,0.1359,0.0,1.0,0.36,0.5825,0.37,0.8835,0.38,0.0,0.0,0.301,0.4
user_262493__sadness_07964_mp3__r006,user_262493,songs/sadness/sadness_07964.mp3,sadness_07964.mp3,sadness\sadness_07964.mp3,6,sadness,33,0.1737,0.23,0.3552,0.01,1.0,0.01,0.3552,0.01,0.2471,0.01,0.305,0.01,0.2934,0.01,0.0,0.24
user_262493__fear_14992_mp3__r007,user_262493,songs/fear/fear_14992.mp3,fear_14992.mp3,fear\fear_14992.mp3,7,fear,24,0.8456,0.23,0.0735,0.23,0.0,0.02,0.2059,0.24,0.3603,0.02,0.4044,0.25,1.0,0.72,0.6029,0.0
user_262493__excitement_08023_mp3__r008,user_262493,songs/excitement/excitement_08023.mp3,excitement_08023.mp3,excitement\excitement_08023.mp3,8,excitement,26,0.6948,0.51,0.2691,0.47,0.0683,0.01,0.4578,0.48,0.0,0.02,0.6305,0.73,0.5823,0.0,1.0,0.25
user_262493__awe_09167_mp3__r009,user_262493,songs/awe/awe_09167.mp3,awe_09167.mp3,awe\awe_09167.mp3,9,awe,25,0.6078,0.49,0.3595,0.25,0.0,0.0,0.634,0.48,0.4052,0.02,1.0,0.73,0.549,0.01,0.5752,0.73
user_262493__anger_04341_mp3__r010,user_262493,songs/anger/anger_04341.mp3,anger_04341.mp3,anger\anger_04341.mp3,10,anger,28,0.7621,0.71,1.0,0.03,0.8589,0.03,0.0,0.02,0.6492,0.01,0.7298,0.22,0.625,0.01,0.5282,0.57
user_262493__anger_04353_mp3__r011,user_262493,songs/anger/anger_04353.mp3,anger_04353.mp3,anger\anger_04353.mp3,11,anger,34,0.4833,0.99,1.0,0.58,0.5,0.01,0.3,0.47,0.0,0.02,0.15,0.72,0.2583,0.01,0.9833,0.97
user_262493__disgust_10797_mp3__r012,user_262493,songs/disgust/disgust_10797.mp3,disgust_10797.mp3,disgust\disgust_10797.mp3,12,disgust,29,0.5838,0.49,0.8092,0.22,0.896,0.01,0.6069,0.48,1.0,0.0,0.4451,0.74,0.0,0.03,0.3179,0.73
user_262493__sadness_03454_mp3__r013,user_262493,songs/sadness/sadness_03454.mp3,sadness_03454.mp3,sadness\sadness_03454.mp3,13,sadness,26,0.6705,0.72,0.3237,0.02,1.0,0.01,0.5954,0.49,0.5838,0.02,0.0,0.7,0.4913,0.01,0.5145,0.57
user_262493__excitement_08027_mp3__r014,user_262493,songs/excitement/excitement_08027.mp3,excitement_08027.mp3,excitement\excitement_08027.mp3,14,excitement,22,0.4783,0.7,0.2319,0.01,0.0,0.01,0.7585,0.73,0.2464,0.02,0.401,0.71,0.4493,0.02,1.0,0.51
user_262493__fear_09148_mp3__r015,user_262493,songs/fear/fear_09148.mp3,fear_09148.mp3,fear\fear_09148.mp3,15,fear,22,0.9808,0.72,0.3558,0.01,0.1538,0.01,0.8462,0.49,0.5385,0.01,0.0,0.5,1.0,0.01,0.625,0.48
user_265646__anger_08261_mp3__r000,user_265646,songs/anger/anger_08261.mp3,anger_08261.mp3,anger\anger_08261.mp3,0,anger,89,0.7543,0.0,1.0,0.73,0.3891,1.0,0.0,0.0,0.7679,0.12,0.2901,0.69,0.6655,1.0,0.0922,0.0
user_265646__anger_10022_mp3__r001,user_265646,songs/anger/anger_10022.mp3,anger_10022.mp3,anger\anger_10022.mp3,1,anger,62,0.3122,0.0,1.0,0.0,0.4262,0.0,0.2236,0.0,0.4473,0.0,0.6203,0.23,0.0,0.0,0.5274,0.0
user_265646__awe_09147_mp3__r002,user_265646,songs/awe/awe_09147.mp3,awe_09147.mp3,awe\awe_09147.mp3,2,awe,48,0.2614,0.0,0.1477,0.08,0.1875,0.32,0.5909,0.09,0.2159,0.0,1.0,0.14,0.0,0.11,0.2727,0.07
user_265646__disgust_07687_mp3__r003,user_265646,songs/disgust/disgust_07687.mp3,disgust_07687.mp3,disgust\disgust_07687.mp3,3,disgust,38,0.0,0.06,0.4757,0.1,0.2621,0.2,0.8835,0.17,1.0,0.19,0.3495,0.15,0.3301,0.24,0.3592,0.17
user_265646__disgust_07618_mp3__r004,user_265646,songs/disgust/disgust_07618.mp3,disgust_07618.mp3,disgust\disgust_07618.mp3,4,disgust,33,0.0,0.06,0.7111,1.0,0.3259,0.16,0.6074,0.18,1.0,1.0,0.0074,0.09,0.1111,0.18,0.1852,0.06
user_265646__contentment_10021_mp3__r005,user_265646,songs/contentment/contentment_10021.mp3,contentment_10021.mp3,contentment\contentment_10021.mp3,5,contentment,58,0.25,0.11,0.0,0.12,0.0466,0.07,1.0,0.0,0.2246,0.03,0.0212,0.0,0.0042,0.18,0.1695,0.08
user_265646__amusement_08275_mp3__r006,user_265646,songs/amusement/amusement_08275.mp3,amusement_08275.mp3,amusement\amusement_08275.mp3,6,amusement,32,1.0,0.06,0.5821,0.02,0.0,0.12,0.2761,0.03,0.1119,0.15,0.7985,0.02,0.4179,0.08,0.7985,0.04
user_275551__contentment_09992_mp3__r000,user_275551,songs/contentment/contentment_09992.mp3,contentment_09992.mp3,contentment\contentment_09992.mp3,0,contentment,171,0.6402,1.0,0.2762,0.0,0.3724,0.0,1.0,1.0,0.0,0.0,0.7238,0.0,0.4644,0.0,0.5941,0.44
user_275551__awe_09158_mp3__r001,user_275551,songs/awe/awe_09158.mp3,awe_09158.mp3,awe\awe_09158.mp3,1,awe,94,0.4709,0.48,0.4238,0.0,0.349,0.0,0.7036,0.03,0.0,0.0,1.0,0.0,0.1884,0.34,0.518,0.28
user_275551__excitement_08022_mp3__r002,user_275551,songs/excitement/excitement_08022.mp3,excitement_08022.mp3,excitement\excitement_08022.mp3,2,excitement,51,0.1868,0.22,0.4396,0.0,0.5385,0.0,0.0879,0.0,0.1538,0.0,0.0,0.0,0.1429,0.4,1.0,0.44
user_275551__contentment_09995_mp3__r003,user_275551,songs/contentment/contentment_09995.mp3,contentment_09995.mp3,contentment\contentment_09995.mp3,3,contentment,45,0.5487,0.18,0.2821,0.0,0.2923,0.0,1.0,0.0,0.0,0.0,0.9179,0.0,0.1282,0.28,0.7795,0.31
user_275551__fear_09001_mp3__r004,user_275551,songs/fear/fear_09001.mp3,fear_09001.mp3,fear\fear_09001.mp3,4,fear,36,0.5882,0.0,0.6833,0.0,0.8235,0.0,0.0,0.0,0.4299,0.0,0.7511,0.0,1.0,0.71,0.5113,0.48
user_275551__sadness_03474_mp3__r005,user_275551,songs/sadness/sadness_03474.mp3,sadness_03474.mp3,sadness\sadness_03474.mp3,5,sadness,63,0.4167,0.0,0.3611,0.0,1.0,0.0,0.1389,0.0,0.0,0.0,0.8056,0.0,0.2014,0.59,0.3194,0.39
user_275551__disgust_04104_mp3__r006,user_275551,songs/disgust/disgust_04104.mp3,disgust_04104.mp3,disgust\disgust_04104.mp3,6,disgust,41,0.6552,0.61,0.2371,0.0,0.5259,0.0,0.4526,0.0,1.0,0.0,0.0,0.0,0.2414,0.48,0.5517,1.0
user_275551__fear_09245_mp3__r007,user_275551,songs/fear/fear_09245.mp3,fear_09245.mp3,fear\fear_09245.mp3,7,fear,56,0.7344,1.0,0.4219,0.0,0.0,0.0,0.5391,0.61,0.3047,0.0,0.0391,0.0,1.0,0.0,0.0625,1.0
user_275551__sadness_03392_mp3__r008,user_275551,songs/sadness/sadness_03392.mp3,sadness_03392.mp3,sadness\sadness_03392.mp3,8,sadness,37,0.2818,1.0,0.4033,0.0,1.0,0.0,0.2652,0.0,0.3536,0.0,0.3481,0.59,0.1768,1.0,0.0,1.0
user_275551__amusement_17642_mp3__r009,user_275551,songs/amusement/amusement_17642.mp3,amusement_17642.mp3,amusement\amusement_17642.mp3,9,amusement,27,1.0,0.66,0.604,0.0,0.4631,0.0,0.0,0.0,0.7517,0.0,0.4497,0.72,0.906,0.65,0.4899,1.0
user_275551__excitement_15999_mp3__r010,user_275551,songs/excitement/excitement_15999.mp3,excitement_15999.mp3,excitement\excitement_15999.mp3,10,excitement,31,0.7773,0.81,0.5859,0.0,0.418,0.0,0.8008,0.0,0.0,0.0,0.8867,0.0,0.6016,0.0,1.0,0.46
user_275551__anger_10048_mp3__r011,user_275551,songs/anger/anger_10048.mp3,anger_10048.mp3,anger\anger_10048.mp3,11,anger,59,0.474,0.16,1.0,0.0,0.6299,0.0,0.0,0.19,0.5909,0.0,0.8701,0.0,0.1883,0.0,0.7792,0.07
user_275551__disgust_02554_mp3__r012,user_275551,songs/disgust/disgust_02554.mp3,disgust_02554.mp3,disgust\disgust_02554.mp3,12,disgust,31,0.5481,0.43,0.6741,0.0,0.9333,0.0,0.2741,0.0,1.0,0.09,0.3333,0.0,0.0,0.65,0.1185,0.7
user_275551__amusement_08267_mp3__r013,user_275551,songs/amusement/amusement_08267.mp3,amusement_08267.mp3,amusement\amusement_08267.mp3,13,amusement,28,1.0,0.75,0.0963,0.0,0.3743,0.0,0.6417,0.3,0.0,0.0,0.246,0.73,0.4599,0.67,0.5775,1.0
user_275551__anger_10025_mp3__r014,user_275551,songs/anger/anger_10025.mp3,anger_10025.mp3,anger\anger_10025.mp3,14,anger,27,0.373,1.0,1.0,0.0,0.0,0.0,0.7027,0.93,0.5892,0.0,0.9405,0.0,0.5892,0.0,0.7622,1.0
user_275551__awe_09168_mp3__r015,user_275551,songs/awe/awe_09168.mp3,awe_09168.mp3,awe\awe_09168.mp3,15,awe,52,0.6842,0.66,0.391,0.0,0.2782,0.0,0.2857,0.56,0.0,0.0,1.0,0.22,0.1429,0.09,0.5639,0.75
user_417724__amusement_17644_mp3__r000,user_417724,songs/amusement/amusement_17644.mp3,amusement_17644.mp3,amusement\amusement_17644.mp3,0,amusement,120,1.0,0.46,0.5502,0.42,0.3974,0.57,0.2489,0.94,0.0,0.63,0.4061,0.42,0.6943,0.78,0.655,0.28
user_440568__amusement_02946_mp3__r000,user_440568,songs/amusement/amusement_02946.mp3,amusement_02946.mp3,amusement\amusement_02946.mp3,0,amusement,309,1.0,0.1,0.2329,0.28,0.3293,0.0,0.6225,0.0,0.2771,0.0,0.0,0.02,0.6747,0.38,0.5382,0.48
user_440568__amusement_08316_mp3__r001,user_440568,songs/amusement/amusement_08316.mp3,amusement_08316.mp3,amusement\amusement_08316.mp3,1,amusement,146,1.0,0.0,0.1797,0.0,0.4531,0.0,0.0,0.0,0.5938,0.0,0.1562,0.48,0.7578,0.49,0.4297,0.0
user_462697__awe_09162_mp3__r000,user_462697,songs/awe/awe_09162.mp3,awe_09162.mp3,awe\awe_09162.mp3,0,awe,88,0.5446,0.38,0.203,0.1,0.1535,0.13,0.7772,0.1,0.0,0.64,1.0,0.64,0.3317,0.84,0.5347,0.81
user_476090__disgust_03239_mp3__r000,user_476090,songs/disgust/disgust_03239.mp3,disgust_03239.mp3,disgust\disgust_03239.mp3,0,disgust,186,0.1646,0.28,0.6329,0.54,0.6013,0.26,0.4937,0.11,1.0,0.09,0.0,0.79,0.4051,0.72,0.019,0.08
user_476090__amusement_17657_mp3__r001,user_476090,songs/amusement/amusement_17657.mp3,amusement_17657.mp3,amusement\amusement_17657.mp3,1,amusement,45,1.0,0.76,0.5183,0.15,0.2094,0.09,0.0,0.75,0.267,0.06,0.623,0.11,0.7225,0.08,0.9895,0.51
user_476090__fear_09164_mp3__r002,user_476090,songs/fear/fear_09164.mp3,fear_09164.mp3,fear\fear_09164.mp3,2,fear,47,0.8632,0.77,0.5128,0.33,0.0,0.16,0.359,0.52,0.5812,0.09,0.7009,0.55,1.0,0.33,0.7521,0.54
user_476090__contentment_10006_mp3__r003,user_476090,songs/contentment/contentment_10006.mp3,contentment_10006.mp3,contentment\contentment_10006.mp3,3,contentment,38,0.381,0.75,0.0,0.06,0.1905,0.09,1.0,0.72,0.2381,0.07,0.7333,0.27,0.581,0.06,0.8476,0.5
user_476090__amusement_08270_mp3__r004,user_476090,songs/amusement/amusement_08270.mp3,amusement_08270.mp3,amusement\amusement_08270.mp3,4,amusement,57,1.0,0.65,0.1159,0.24,0.0549,0.0,0.0,0.28,0.0488,0.45,0.1707,0.59,0.4573,0.23,0.5183,0.41
user_476090__fear_09155_mp3__r005,user_476090,songs/fear/fear_09155.mp3,fear_09155.mp3,fear\fear_09155.mp3,5,fear,66,0.701,0.02,0.8557,0.15,0.0,0.44,0.0309,0.75,0.6907,0.35,0.268,0.57,1.0,0.4,0.8144,0.27
user_476090__awe_09153_mp3__r006,user_476090,songs/awe/awe_09153.mp3,awe_09153.mp3,awe\awe_09153.mp3,6,awe,48,0.4315,0.44,0.2843,0.47,0.1574,0.45,0.5228,0.22,0.0,0.21,1.0,0.12,0.132,0.24,0.4924,0.37
user_476090__disgust_07002_mp3__r007,user_476090,songs/disgust/disgust_07002.mp3,disgust_07002.mp3,disgust\disgust_07002.mp3,7,disgust,81,0.4841,0.17,0.4395,0.19,0.4968,0.59,0.1911,0.24,1.0,0.43,0.0,0.45,0.3439,0.48,0.4268,0.14
user_476090__awe_15281_mp3__r008,user_476090,songs/awe/awe_15281.mp3,awe_15281.mp3,awe\awe_15281.mp3,8,awe,59,0.3526,0.48,0.3,0.49,0.1158,0.0,0.7895,0.47,0.0,0.15,1.0,0.65,0.1842,0.15,0.3474,0.17
user_476090__anger_04394_mp3__r009,user_476090,songs/anger/anger_04394.mp3,anger_04394.mp3,anger\anger_04394.mp3,9,anger,339,0.8056,0.68,1.0,0.0,0.6806,0.21,0.0,0.58,0.7222,0.0,0.125,0.0,0.1111,0.0,0.9444,0.49
user_476090__excitement_15994_mp3__r010,user_476090,songs/excitement/excitement_15994.mp3,excitement_15994.mp3,excitement\excitement_15994.mp3,10,excitement,47,0.7175,0.47,0.5311,0.0,0.0,0.25,0.4576,0.21,0.1243,0.0,0.2768,0.24,0.6836,0.0,1.0,0.26
user_476090__sadness_07966_mp3__r011,user_476090,songs/sadness/sadness_07966.mp3,sadness_07966.mp3,sadness\sadness_07966.mp3,11,sadness,63,0.5227,0.06,0.3182,0.48,1.0,0.12,0.5455,0.0,0.4242,0.17,0.1288,0.5,0.0,0.33,0.1288,0.41
user_476090__anger_04393_mp3__r012,user_476090,songs/anger/anger_04393.mp3,anger_04393.mp3,anger\anger_04393.mp3,12,anger,48,0.5652,0.4,1.0,0.24,0.2446,0.21,0.2446,0.0,0.0,0.21,0.6413,0.45,0.163,0.19,0.7989,0.48
user_476090__sadness_03471_mp3__r013,user_476090,songs/sadness/sadness_03471.mp3,sadness_03471.mp3,sadness\sadness_03471.mp3,13,sadness,121,0.5888,0.0,0.514,0.31,1.0,0.15,0.2897,0.0,0.215,0.41,0.4112,0.65,0.0,0.57,0.1869,0.44
user_476090__contentment_09999_mp3__r014,user_476090,songs/contentment/contentment_09999.mp3,contentment_09999.mp3,contentment\contentment_09999.mp3,14,contentment,44,0.3018,0.38,0.0,0.0,0.1622,0.32,1.0,0.38,0.3063,0.0,0.5631,0.52,0.3018,0.5,0.7027,0.41
user_476090__excitement_07985_mp3__r015,user_476090,songs/excitement/excitement_07985.mp3,excitement_07985.mp3,excitement\excitement_07985.mp3,15,excitement,64,0.5781,0.7,0.5391,0.58,0.0391,0.0,0.5469,0.25,0.0,0.0,0.4375,0.48,0.6641,0.84,1.0,0.72
user_493263__amusement_02945_mp3__r000,user_493263,songs/amusement/amusement_02945.mp3,amusement_02945.mp3,amusement\amusement_02945.mp3,0,amusement,198,1.0,0.39,0.2609,0.03,0.0966,0.0,0.5314,0.39,0.0,0.0,0.2222,0.13,0.4541,0.0,0.6667,0.33
user_493263__amusement_02936_mp3__r001,user_493263,songs/amusement/amusement_02936.mp3,amusement_02936.mp3,amusement\amusement_02936.mp3,1,amusement,67,1.0,0.42,0.0,0.0,0.4106,0.0,0.9868,0.0,0.4371,0.0,0.3179,0.04,0.7152,0.12,0.702,0.11
user_493263__contentment_09956_mp3__r002,user_493263,songs/contentment/contentment_09956.mp3,contentment_09956.mp3,contentment\contentment_09956.mp3,2,contentment,73,0.302,0.4,0.0,0.16,0.0735,0.0,1.0,0.36,0.0857,0.0,0.6122,0.4,0.0,0.07,0.1796,0.36
user_493263__disgust_08884_mp3__r003,user_493263,songs/disgust/disgust_08884.mp3,disgust_08884.mp3,disgust\disgust_08884.mp3,3,disgust,96,0.2149,0.16,0.6612,0.14,0.3802,0.0,0.5455,0.0,1.0,0.09,0.0,0.1,0.1901,0.0,0.3058,0.09
user_493263__disgust_02051_mp3__r004,user_493263,songs/disgust/disgust_02051.mp3,disgust_02051.mp3,disgust\disgust_02051.mp3,4,disgust,69,0.7863,0.13,0.8803,0.0,0.8376,0.13,0.3162,0.09,1.0,0.3,0.5897,0.06,0.5641,0.0,0.0,0.04
user_493263__sadness_07977_mp3__r005,user_493263,songs/sadness/sadness_07977.mp3,sadness_07977.mp3,sadness\sadness_07977.mp3,5,sadness,61,0.4438,0.15,0.2663,0.0,1.0,0.0,0.7988,0.0,0.497,0.43,0.5089,0.07,0.0473,0.0,0.0,0.0
user_493263__anger_10052_mp3__r006,user_493263,songs/anger/anger_10052.mp3,anger_10052.mp3,anger\anger_10052.mp3,6,anger,48,0.3958,0.39,1.0,0.0,0.7222,0.0,0.0,0.08,0.0486,0.0,0.5625,0.17,0.1042,0.0,0.2014,0.09
user_493263__sadness_07973_mp3__r007,user_493263,songs/sadness/sadness_07973.mp3,sadness_07973.mp3,sadness\sadness_07973.mp3,7,sadness,72,0.8305,0.32,0.9068,0.0,1.0,0.0,0.0,0.32,0.0169,0.0,1.0,0.1,0.2542,0.0,0.3898,0.06
user_493263__awe_09166_mp3__r008,user_493263,songs/awe/awe_09166.mp3,awe_09166.mp3,awe\awe_09166.mp3,8,awe,64,0.4484,0.39,0.2596,0.0,0.1268,0.0,0.5959,0.38,0.0,0.0,1.0,0.37,0.1711,0.0,0.5369,0.07
user_493263__awe_09163_mp3__r009,user_493263,songs/awe/awe_09163.mp3,awe_09163.mp3,awe\awe_09163.mp3,9,awe,60,0.5441,0.54,0.3218,0.0,0.1762,0.0,0.7663,0.62,0.0,0.0,1.0,0.25,0.0077,0.0,0.4943,0.65
user_493263__fear_03297_mp3__r010,user_493263,songs/fear/fear_03297.mp3,fear_03297.mp3,fear\fear_03297.mp3,10,fear,54,0.8762,0.09,0.6762,0.0,0.0,0.0,0.0857,0.0,0.7143,0.35,0.2,0.0,1.0,0.0,0.2857,0.0
user_493263__excitement_16001_mp3__r011,user_493263,songs/excitement/excitement_16001.mp3,excitement_16001.mp3,excitement\excitement_16001.mp3,11,excitement,54,0.3939,0.3,0.0,0.15,0.0303,0.0,0.6104,0.0,0.2597,0.0,0.329,0.0,0.1385,0.34,1.0,0.29
user_493263__contentment_09996_mp3__r012,user_493263,songs/contentment/contentment_09996.mp3,contentment_09996.mp3,contentment\contentment_09996.mp3,12,contentment,51,0.2711,0.49,0.0,0.0,0.2,0.0,1.0,0.0,0.1644,0.0,0.3778,0.3,0.1956,0.0,0.4489,0.0
user_493263__anger_02009_mp3__r013,user_493263,songs/anger/anger_02009.mp3,anger_02009.mp3,anger\anger_02009.mp3,13,anger,48,0.8624,0.43,1.0,0.0,0.7672,0.0,0.0,0.33,0.6085,0.0,0.836,0.0,0.6614,0.0,0.9206,0.36
user_493263__excitement_07977_mp3__r014,user_493263,songs/excitement/excitement_07977.mp3,excitement_07977.mp3,excitement\excitement_07977.mp3,14,excitement,42,0.5029,0.06,0.0,0.0,0.2573,0.0,0.5965,0.07,0.2749,0.0,0.1287,0.31,0.1462,0.0,1.0,0.36
user_493263__fear_09151_mp3__r015,user_493263,songs/fear/fear_09151.mp3,fear_09151.mp3,fear\fear_09151.mp3,15,fear,59,0.7005,0.16,0.5134,0.16,0.0,0.16,0.754,0.0,0.7861,0.0,0.3797,0.34,1.0,0.39,0.4545,0.31
user_506002__contentment_10017_mp3__r000,user_506002,songs/contentment/contentment_10017.mp3,contentment_10017.mp3,contentment\contentment_10017.mp3,0,contentment,246,0.4115,0.41,0.0619,0.0,0.0708,0.0,1.0,0.0,0.4912,0.47,0.5973,0.12,0.0,0.46,0.469,0.0
user_506002__sadness_03452_mp3__r001,user_506002,songs/sadness/sadness_03452.mp3,sadness_03452.mp3,sadness\sadness_03452.mp3,1,sadness,79,0.4,1.0,0.0,0.0,1.0,0.0,0.875,0.34,0.0583,0.0,0.8333,0.53,0.325,0.0,0.275,0.24
user_506002__anger_02004_mp3__r002,user_506002,songs/anger/anger_02004.mp3,anger_02004.mp3,anger\anger_02004.mp3,2,anger,134,0.4455,0.31,1.0,0.0,0.0,0.0,0.2772,0.15,0.4059,0.0,0.0594,0.18,0.7228,0.13,0.4059,0.69
user_506002__amusement_08310_mp3__r003,user_506002,songs/amusement/amusement_08310.mp3,amusement_08310.mp3,amusement\amusement_08310.mp3,3,amusement,68,1.0,1.0,0.2955,0.0,0.4697,0.0,0.7576,0.55,0.4394,0.0,0.0,0.47,0.5076,0.0,0.8636,1.0
user_506002__disgust_04038_mp3__r004,user_506002,songs/disgust/disgust_04038.mp3,disgust_04038.mp3,disgust\disgust_04038.mp3,4,disgust,52,0.1868,0.13,0.6484,0.0,0.5714,0.0,0.5275,0.0,1.0,0.0,0.033,0.41,0.0,0.56,0.1429,0.0
user_506002__amusement_17660_mp3__r005,user_506002,songs/amusement/amusement_17660.mp3,amusement_17660.mp3,amusement\amusement_17660.mp3,5,amusement,45,1.0,0.0,0.4242,1.0,0.1818,0.0,0.1732,0.0,0.0,1.0,0.2684,0.0,0.684,1.0,0.7835,0.0
user_506002__fear_09249_mp3__r006,user_506002,songs/fear/fear_09249.mp3,fear_09249.mp3,fear\fear_09249.mp3,6,fear,53,0.266,0.67,0.5213,0.24,0.6383,0.0,0.0957,0.63,0.2766,0.0,0.3511,0.12,1.0,0.0,0.0,0.12
user_506002__sadness_07965_mp3__r007,user_506002,songs/sadness/sadness_07965.mp3,sadness_07965.mp3,sadness\sadness_07965.mp3,7,sadness,76,0.5043,0.0,0.765,0.0,1.0,1.0,0.0,0.0,0.5342,0.0,0.6538,0.32,0.5085,0.29,0.359,0.0
user_506002__contentment_09997_mp3__r008,user_506002,songs/contentment/contentment_09997.mp3,contentment_09997.mp3,contentment\contentment_09997.mp3,8,contentment,36,0.4209,1.0,0.0,0.0,0.2806,0.0,1.0,1.0,0.4065,0.0,0.2158,0.47,0.2518,0.0,0.4065,0.64
user_506002__excitement_08008_mp3__r009,user_506002,songs/excitement/excitement_08008.mp3,excitement_08008.mp3,excitement\excitement_08008.mp3,9,excitement,64,0.5754,0.63,0.0726,0.0,0.1508,0.0,0.6369,0.46,0.0,0.22,0.3575,0.16,0.2961,0.0,1.0,0.36
user_506002__awe_09142_mp3__r010,user_506002,songs/awe/awe_09142.mp3,awe_09142.mp3,awe\awe_09142.mp3,10,awe,43,0.3846,1.0,0.2788,0.0,0.234,0.0,0.6635,0.3,0.0,0.0,1.0,0.63,0.234,0.0,0.3526,0.65
user_506002__excitement_16006_mp3__r011,user_506002,songs/excitement/excitement_16006.mp3,excitement_16006.mp3,excitement\excitement_16006.mp3,11,excitement,47,0.7697,0.85,0.5592,0.0,0.1974,0.0,0.0,0.0,0.5395,0.0,0.8487,0.34,0.4803,1.0,1.0,0.64
user_506002__fear_03287_mp3__r012,user_506002,songs/fear/fear_03287.mp3,fear_03287.mp3,fear\fear_03287.mp3,12,fear,70,0.6364,0.25,0.9886,1.0,0.6591,0.0,0.0,0.0,0.875,0.0,0.3409,0.0,1.0,1.0,0.4432,0.15
user_506002__anger_04345_mp3__r013,user_506002,songs/anger/anger_04345.mp3,anger_04345.mp3,anger\anger_04345.mp3,13,anger,65,0.4962,0.65,1.0,0.0,0.7328,0.0,0.0,0.35,1.0,0.0,0.6794,0.16,0.2901,0.0,0.1298,0.0
user_506002__awe_09141_mp3__r014,user_506002,songs/awe/awe_09141.mp3,awe_09141.mp3,awe\awe_09141.mp3,14,awe,39,0.5,1.0,0.2677,0.0,0.2424,0.0,0.8838,0.54,0.0,0.0,1.0,1.0,0.1566,0.0,0.3737,0.77
user_506002__disgust_03228_mp3__r015,user_506002,songs/disgust/disgust_03228.mp3,disgust_03228.mp3,disgust\disgust_03228.mp3,15,disgust,42,0.0,1.0,0.4731,1.0,0.2903,0.0,0.8602,0.0,1.0,0.0,0.1183,0.18,0.086,0.53,0.7527,1.0
user_584217__anger_08270_mp3__r000,user_584217,songs/anger/anger_08270.mp3,anger_08270.mp3,anger\anger_08270.mp3,0,anger,69,0.6573,0.03,1.0,0.05,0.5734,0.0,0.0,0.1,0.3357,0.01,0.7762,0.05,0.7133,0.0,0.5734,0.0
user_608592__contentment_10001_mp3__r000,user_608592,songs/contentment/contentment_10001.mp3,contentment_10001.mp3,contentment\contentment_10001.mp3,0,contentment,81,0.3273,0.15,0.1583,0.04,0.0576,0.37,1.0,0.48,0.0,0.02,0.482,0.4,0.2554,0.02,0.5827,0.02
user_608592__anger_01997_mp3__r001,user_608592,songs/anger/anger_01997.mp3,anger_01997.mp3,anger\anger_01997.mp3,1,anger,43,0.3158,0.3,1.0,0.2,0.1805,0.0,0.0,0.03,0.0526,0.14,0.5564,0.06,0.188,0.23,0.3835,0.43
user_609277__amusement_18892_mp3__r000,user_609277,songs/amusement/amusement_18892.mp3,amusement_18892.mp3,amusement\amusement_18892.mp3,0,amusement,53,1.0,0.48,0.508,0.25,0.516,0.02,0.384,0.49,0.476,0.05,0.0,0.25,0.688,0.01,0.48,0.49
user_609277__fear_09208_mp3__r001,user_609277,songs/fear/fear_09208.mp3,fear_09208.mp3,fear\fear_09208.mp3,1,fear,84,0.8808,0.72,0.8497,0.48,0.1036,0.01,0.0,0.5,0.8549,0.25,0.6995,0.24,1.0,0.25,0.7409,0.5
user_609277__awe_09150_mp3__r002,user_609277,songs/awe/awe_09150.mp3,awe_09150.mp3,awe\awe_09150.mp3,2,awe,151,0.3612,0.23,0.2599,0.02,0.0441,0.0,0.5154,0.49,0.0,0.01,1.0,0.25,0.2203,0.02,0.4714,0.51
user_609277__fear_03308_mp3__r003,user_609277,songs/fear/fear_03308.mp3,fear_03308.mp3,fear\fear_03308.mp3,3,fear,82,0.7891,0.5,0.8503,0.49,0.1156,0.24,0.0,0.25,0.8503,0.26,0.6463,0.51,1.0,0.5,0.4422,0.51
user_609277__sadness_07946_mp3__r004,user_609277,songs/sadness/sadness_07946.mp3,sadness_07946.mp3,sadness\sadness_07946.mp3,4,sadness,47,0.5497,0.73,0.2053,0.26,1.0,0.01,0.894,0.48,0.404,0.01,0.9735,0.26,0.4371,0.02,0.0,0.26
user_609277__contentment_10023_mp3__r005,user_609277,songs/contentment/contentment_10023.mp3,contentment_10023.mp3,contentment\contentment_10023.mp3,5,contentment,72,0.28,0.5,0.0,0.49,0.1143,0.03,1.0,0.26,0.3714,0.25,0.6686,0.73,0.1314,0.25,0.0971,0.52
user_609277__anger_04337_mp3__r006,user_609277,songs/anger/anger_04337.mp3,anger_04337.mp3,anger\anger_04337.mp3,6,anger,57,0.7673,0.51,1.0,0.25,0.7673,0.01,0.6584,0.49,0.0,0.03,0.9059,0.46,0.0891,0.01,0.8911,0.73
user_609277__excitement_08037_mp3__r007,user_609277,songs/excitement/excitement_08037.mp3,excitement_08037.mp3,excitement\excitement_08037.mp3,7,excitement,81,0.6582,0.47,0.0,0.25,0.0443,0.01,0.8165,0.46,0.3101,0.02,0.6835,0.24,0.2975,0.0,1.0,0.48
user_609277__disgust_10795_mp3__r008,user_609277,songs/disgust/disgust_10795.mp3,disgust_10795.mp3,disgust\disgust_10795.mp3,8,disgust,52,0.7731,0.51,0.9664,0.27,0.8487,0.0,0.0,0.25,1.0,0.24,0.2269,0.49,0.7563,0.25,0.6134,0.5
user_609277__excitement_08026_mp3__r009,user_609277,songs/excitement/excitement_08026.mp3,excitement_08026.mp3,excitement\excitement_08026.mp3,9,excitement,47,0.469,0.97,0.1822,0.52,0.2287,0.0,0.7636,0.49,0.0,0.04,0.1589,0.74,0.4341,0.25,1.0,0.75
user_609277__amusement_19692_mp3__r010,user_609277,songs/amusement/amusement_19692.mp3,amusement_19692.mp3,amusement\amusement_19692.mp3,10,amusement,51,1.0,0.71,0.4969,0.26,0.1288,0.02,0.319,0.5,0.0,0.03,0.9755,0.74,0.6748,0.24,0.5828,0.5
user_609277__anger_02002_mp3__r011,user_609277,songs/anger/anger_02002.mp3,anger_02002.mp3,anger\anger_02002.mp3,11,anger,47,0.5616,0.74,1.0,0.49,0.2877,0.01,0.0,0.73,0.2534,0.25,0.3904,0.51,0.6781,0.24,0.7671,0.74
user_609277__awe_09172_mp3__r012,user_609277,songs/awe/awe_09172.mp3,awe_09172.mp3,awe\awe_09172.mp3,12,awe,46,0.6511,0.48,0.3319,0.02,0.4426,0.24,0.6723,0.46,0.0,0.01,1.0,0.49,0.1574,0.02,0.6426,0.5
user_609277__contentment_10033_mp3__r013,user_609277,songs/contentment/contentment_10033.mp3,contentment_10033.mp3,contentment\contentment_10033.mp3,13,contentment,63,0.4179,0.26,0.0,0.47,0.1903,0.0,1.0,0.25,0.6493,0.01,0.2724,0.25,0.2351,0.24,0.2239,0.22
user_609277__disgust_06427_mp3__r014,user_609277,songs/disgust/disgust_06427.mp3,disgust_06427.mp3,disgust\disgust_06427.mp3,14,disgust,109,0.359,0.24,0.8333,0.49,0.7051,0.02,0.9231,0.02,1.0,0.51,0.8718,0.5,0.0,0.25,0.5641,0.24
user_609277__sadness_07963_mp3__r015,user_609277,songs/sadness/sadness_07963.mp3,sadness_07963.mp3,sadness\sadness_07963.mp3,15,sadness,45,0.89,0.73,0.38,0.49,1.0,0.49,0.8,0.48,0.53,0.24,0.99,0.96,0.0,0.25,0.55,0.74
user_664044__amusement_17644_mp3__r000,user_664044,songs/amusement/amusement_17644.mp3,amusement_17644.mp3,amusement\amusement_17644.mp3,0,amusement,93,1.0,0.37,0.5502,0.44,0.3974,0.85,0.2489,0.68,0.0,0.56,0.4061,1.0,0.6943,1.0,0.655,0.21
user_664044__amusement_08335_mp3__r001,user_664044,songs/amusement/amusement_08335.mp3,amusement_08335.mp3,amusement\amusement_08335.mp3,1,amusement,57,1.0,1.0,0.3529,0.29,0.3235,0.33,0.1373,0.83,0.0,0.04,0.2206,0.34,0.7108,0.19,0.5784,0.79
user_664044__sadness_03455_mp3__r002,user_664044,songs/sadness/sadness_03455.mp3,sadness_03455.mp3,sadness\sadness_03455.mp3,2,sadness,62,0.7035,0.78,0.2035,0.36,1.0,0.06,0.5988,0.74,0.0,0.13,0.5291,0.29,0.1047,0.04,0.3779,0.83
user_664044__fear_03283_mp3__r003,user_664044,songs/fear/fear_03283.mp3,fear_03283.mp3,fear\fear_03283.mp3,3,fear,48,0.5101,0.82,0.6309,0.51,0.4362,0.27,0.5772,0.5,0.4899,0.31,0.0,0.41,1.0,0.24,0.3691,0.57
user_664044__anger_08272_mp3__r004,user_664044,songs/anger/anger_08272.mp3,anger_08272.mp3,anger\anger_08272.mp3,4,anger,38,0.497,1.0,1.0,0.0,0.521,0.0,0.7066,0.61,0.1018,0.0,0.9701,0.0,0.0,0.0,0.6886,0.67
user_664044__sadness_03445_mp3__r005,user_664044,songs/sadness/sadness_03445.mp3,sadness_03445.mp3,sadness\sadness_03445.mp3,5,sadness,43,0.6218,0.09,0.2949,1.0,1.0,0.38,0.3397,0.18,0.2244,0.55,0.609,0.82,0.0,0.66,0.2756,0.03
user_664044__disgust_10025_mp3__r006,user_664044,songs/disgust/disgust_10025.mp3,disgust_10025.mp3,disgust\disgust_10025.mp3,6,disgust,32,0.0769,0.84,0.375,0.65,0.1058,0.69,0.7981,0.46,1.0,0.08,0.5481,0.4,0.0,0.53,0.6923,0.16
user_664044__contentment_09998_mp3__r007,user_664044,songs/contentment/contentment_09998.mp3,contentment_09998.mp3,contentment\contentment_09998.mp3,7,contentment,31,0.5347,0.47,0.0,0.61,0.5139,0.61,1.0,0.44,0.0833,0.47,0.8403,0.44,0.0903,0.36,0.1042,0.48
user_664044__anger_10025_mp3__r008,user_664044,songs/anger/anger_10025.mp3,anger_10025.mp3,anger\anger_10025.mp3,8,anger,43,0.373,0.02,1.0,0.34,0.0,1.0,0.7027,0.43,0.5892,0.62,0.9405,0.97,0.5892,0.85,0.7622,0.18
user_664044__disgust_02554_mp3__r009,user_664044,songs/disgust/disgust_02554.mp3,disgust_02554.mp3,disgust\disgust_02554.mp3,9,disgust,114,0.5481,0.45,0.6741,1.0,0.9333,0.34,0.2741,0.18,1.0,0.41,0.3333,1.0,0.0,0.36,0.1185,0.68
user_781798__anger_04395_mp3__r000,user_781798,songs/anger/anger_04395.mp3,anger_04395.mp3,anger\anger_04395.mp3,0,anger,80,0.57,0.49,1.0,0.31,0.64,0.24,0.0,0.47,0.745,0.74,0.55,0.73,0.69,0.24,0.17,0.48
user_782570__anger_08259_mp3__r000,user_782570,songs/anger/anger_08259.mp3,anger_08259.mp3,anger\anger_08259.mp3,0,anger,170,0.75,0.5,1.0,0.48,0.4292,0.0,0.0,0.46,0.3349,0.0,0.5755,0.33,0.6462,0.0,0.9575,0.68
user_782570__sadness_07971_mp3__r001,user_782570,songs/sadness/sadness_07971.mp3,sadness_07971.mp3,sadness\sadness_07971.mp3,1,sadness,74,0.4971,0.0,0.5429,0.0,1.0,0.0,0.0,0.0,0.68,0.4,0.4971,0.0,0.52,0.0,0.0686,0.0
user_782570__awe_09145_mp3__r002,user_782570,songs/awe/awe_09145.mp3,awe_09145.mp3,awe\awe_09145.mp3,2,awe,74,0.4502,0.42,0.3607,0.0,0.2438,0.0,0.3706,0.0,0.0,0.0,1.0,0.19,0.1468,0.0,0.3856,0.21
user_782570__contentment_10004_mp3__r003,user_782570,songs/contentment/contentment_10004.mp3,contentment_10004.mp3,contentment\contentment_10004.mp3,3,contentment,249,0.4637,0.59,0.0,0.0,0.4637,0.0,1.0,0.13,0.8324,0.0,0.4916,0.29,0.6536,0.01,0.6872,0.42
user_782570__contentment_10007_mp3__r004,user_782570,songs/contentment/contentment_10007.mp3,contentment_10007.mp3,contentment\contentment_10007.mp3,4,contentment,78,0.616,0.58,0.0,0.0,0.504,0.0,1.0,0.63,0.496,0.0,0.664,0.61,0.2,0.0,0.688,0.57
user_782570__sadness_07945_mp3__r005,user_782570,songs/sadness/sadness_07945.mp3,sadness_07945.mp3,sadness\sadness_07945.mp3,5,sadness,72,0.6232,0.59,0.4348,0.0,1.0,0.0,0.5072,0.47,0.7899,0.01,0.4855,0.46,0.8986,0.0,0.0,0.13
user_782570__fear_09177_mp3__r006,user_782570,songs/fear/fear_09177.mp3,fear_09177.mp3,fear\fear_09177.mp3,6,fear,52,0.873,0.54,0.6587,0.0,0.0,0.01,0.1667,0.09,0.6825,0.0,0.0159,0.38,1.0,0.48,0.2222,0.72
user_782570__disgust_09313_mp3__r007,user_782570,songs/disgust/disgust_09313.mp3,disgust_09313.mp3,disgust\disgust_09313.mp3,7,disgust,66,0.7206,0.2,0.9853,0.0,0.0,0.0,0.2059,0.0,1.0,0.0,0.3235,0.0,0.9265,0.48,0.2353,0.18
user_782570__fear_09206_mp3__r008,user_782570,songs/fear/fear_09206.mp3,fear_09206.mp3,fear\fear_09206.mp3,8,fear,54,0.806,0.63,0.7463,0.0,0.7239,0.0,0.0,0.0,0.0821,0.01,0.7985,0.0,1.0,0.11,0.7313,0.65
user_782570__anger_02012_mp3__r009,user_782570,songs/anger/anger_02012.mp3,anger_02012.mp3,anger\anger_02012.mp3,9,anger,38,0.538,0.74,1.0,0.0,0.2337,0.0,0.0,0.39,0.1739,0.0,0.4239,0.41,0.3478,0.0,0.8152,0.38
user_782570__amusement_17661_mp3__r010,user_782570,songs/amusement/amusement_17661.mp3,amusement_17661.mp3,amusement\amusement_17661.mp3,10,amusement,45,1.0,0.21,0.5278,0.0,0.2269,0.0,0.2778,0.0,0.0,0.0,0.4213,0.0,0.6296,0.52,0.9491,0.55
user_782570__excitement_08024_mp3__r011,user_782570,songs/excitement/excitement_08024.mp3,excitement_08024.mp3,excitement\excitement_08024.mp3,11,excitement,49,0.8672,0.45,0.7266,0.0,0.1719,0.0,0.0,0.2,0.6016,0.0,0.4766,0.23,0.3906,0.1,1.0,0.48
user_782570__awe_09152_mp3__r012,user_782570,songs/awe/awe_09152.mp3,awe_09152.mp3,awe\awe_09152.mp3,12,awe,87,0.4536,0.18,0.1858,0.0,0.2842,0.01,0.2186,0.0,0.0,0.61,1.0,0.18,0.2459,0.64,0.2787,0.14
user_782570__disgust_03956_mp3__r013,user_782570,songs/disgust/disgust_03956.mp3,disgust_03956.mp3,disgust\disgust_03956.mp3,13,disgust,47,0.1714,0.6,0.9571,0.0,0.7714,0.26,0.9,0.07,1.0,0.0,0.2857,0.38,0.0,0.0,0.4857,0.0
user_782570__excitement_09961_mp3__r014,user_782570,songs/excitement/excitement_09961.mp3,excitement_09961.mp3,excitement\excitement_09961.mp3,14,excitement,56,0.2603,0.15,0.6301,0.0,0.6804,0.0,0.2192,0.04,0.242,0.0,0.0,0.0,0.4247,0.0,1.0,0.11
user_782570__amusement_08296_mp3__r015,user_782570,songs/amusement/amusement_08296.mp3,amusement_08296.mp3,amusement\amusement_08296.mp3,15,amusement,65,1.0,0.16,0.3455,0.0,0.4303,0.0,0.4182,0.09,0.5758,0.0,0.0,0.18,0.9879,0.0,0.3697,0.19
user_820406__excitement_07980_mp3__r000,user_820406,songs/excitement/excitement_07980.mp3,excitement_07980.mp3,excitement\excitement_07980.mp3,0,excitement,202,0.498,0.46,0.3563,0.0,0.2146,0.0,0.668,0.35,0.0,0.0,0.4777,0.0,0.3725,0.0,1.0,0.24
user_876459__fear_09183_mp3__r000,user_876459,songs/fear/fear_09183.mp3,fear_09183.mp3,fear\fear_09183.mp3,0,fear,80,0.7352,0.45,0.8037,0.33,0.6119,0.66,0.0,0.5,0.4703,0.3,0.8219,0.5,1.0,0.67,0.5205,0.71
user_876459__awe_09144_mp3__r001,user_876459,songs/awe/awe_09144.mp3,awe_09144.mp3,awe\awe_09144.mp3,1,awe,44,0.4179,0.44,0.2277,0.0,0.1729,0.13,0.8098,0.44,0.0,0.07,1.0,0.5,0.1124,0.49,0.4611,0.49
user_876459__contentment_09991_mp3__r002,user_876459,songs/contentment/contentment_09991.mp3,contentment_09991.mp3,contentment\contentment_09991.mp3,2,contentment,38,0.5422,0.5,0.0,0.16,0.0924,0.29,1.0,0.5,0.2129,0.09,0.4257,0.12,0.0,0.51,0.5582,0.5
user_876459__amusement_02943_mp3__r003,user_876459,songs/amusement/amusement_02943.mp3,amusement_02943.mp3,amusement\amusement_02943.mp3,3,amusement,45,1.0,0.5,0.0,0.55,0.2975,0.24,0.7934,0.54,0.4215,0.06,0.6446,0.5,0.0165,0.23,0.8099,0.25
user_876459__disgust_02047_mp3__r004,user_876459,songs/disgust/disgust_02047.mp3,disgust_02047.mp3,disgust\disgust_02047.mp3,4,disgust,50,0.4323,0.38,0.7871,0.46,0.9548,0.18,0.2452,0.37,1.0,0.2,0.2258,0.5,0.0,0.2,0.0968,0.35
user_876459__amusement_08339_mp3__r005,user_876459,songs/amusement/amusement_08339.mp3,amusement_08339.mp3,amusement\amusement_08339.mp3,5,amusement,30,1.0,0.46,0.2919,0.18,0.2249,0.11,0.0383,0.33,0.0766,0.13,0.0,0.34,0.6746,0.21,0.689,0.35
user_876459__anger_10052_mp3__r006,user_876459,songs/anger/anger_10052.mp3,anger_10052.mp3,anger\anger_10052.mp3,6,anger,35,0.3958,0.87,1.0,0.83,0.7222,0.6,0.0,0.83,0.0486,0.17,0.5625,0.66,0.1042,0.71,0.2014,0.5
user_876459__awe_09154_mp3__r007,user_876459,songs/awe/awe_09154.mp3,awe_09154.mp3,awe\awe_09154.mp3,7,awe,35,0.3993,0.94,0.2158,0.06,0.1367,0.94,0.5072,0.9,0.0,0.09,1.0,0.9,0.0144,0.82,0.4137,0.97
user_876459__fear_09153_mp3__r008,user_876459,songs/fear/fear_09153.mp3,fear_09153.mp3,fear\fear_09153.mp3,8,fear,29,0.3333,0.48,0.4065,0.4,0.2683,0.43,0.0976,0.31,0.2195,0.23,0.7317,0.35,1.0,0.24,0.0,0.16
user_876459__sadness_03442_mp3__r009,user_876459,songs/sadness/sadness_03442.mp3,sadness_03442.mp3,sadness\sadness_03442.mp3,9,sadness,31,0.3964,0.47,0.5225,0.47,1.0,0.43,0.3333,0.85,0.1802,0.06,0.0,0.4,0.3874,0.54,0.5315,0.46
user_876459__disgust_06543_mp3__r010,user_876459,songs/disgust/disgust_06543.mp3,disgust_06543.mp3,disgust\disgust_06543.mp3,10,disgust,32,0.4648,0.33,0.9014,0.38,0.0,0.41,0.8028,0.44,1.0,0.05,0.8873,0.41,0.0,0.48,0.7465,0.41
user_876459__excitement_08007_mp3__r011,user_876459,songs/excitement/excitement_08007.mp3,excitement_08007.mp3,excitement\excitement_08007.mp3,11,excitement,35,0.5,0.45,0.2313,0.17,0.1938,0.11,0.6937,0.41,0.0,0.0,0.9437,0.0,0.6625,0.43,1.0,0.0
user_876459__sadness_03451_mp3__r012,user_876459,songs/sadness/sadness_03451.mp3,sadness_03451.mp3,sadness\sadness_03451.mp3,12,sadness,31,0.4437,0.02,0.6127,0.17,1.0,0.26,0.257,0.41,0.4859,0.01,0.3134,0.22,0.493,0.08,0.0,0.04
user_876459__contentment_09996_mp3__r013,user_876459,songs/contentment/contentment_09996.mp3,contentment_09996.mp3,contentment\contentment_09996.mp3,13,contentment,22,0.2711,0.49,0.0,0.43,0.2,0.45,1.0,0.37,0.1644,0.46,0.3778,0.32,0.1956,0.44,0.4489,0.51
user_876459__anger_08262_mp3__r014,user_876459,songs/anger/anger_08262.mp3,anger_08262.mp3,anger\anger_08262.mp3,14,anger,33,0.4641,0.48,1.0,0.2,0.085,0.24,0.0,0.38,0.4575,0.0,0.915,0.44,0.0784,0.24,0.6144,0.38
user_876459__excitement_08031_mp3__r015,user_876459,songs/excitement/excitement_08031.mp3,excitement_08031.mp3,excitement\excitement_08031.mp3,15,excitement,32,0.8706,0.58,0.0597,0.32,0.1294,0.65,0.6965,0.35,0.0,0.0,0.1592,0.38,0.4378,0.56,1.0,0.46
user_884395__contentment_10003_mp3__r000,user_884395,songs/contentment/contentment_10003.mp3,contentment_10003.mp3,contentment\contentment_10003.mp3,0,contentment,118,0.1493,0.58,0.0,0.16,0.3657,0.15,1.0,0.37,0.6045,0.06,0.0149,0.35,0.1045,0.02,0.3731,0.6
user_953094__amusement_08239_mp3__r000,user_953094,songs/amusement/amusement_08239.mp3,amusement_08239.mp3,amusement\amusement_08239.mp3,0,amusement,77,1.0,0.43,0.163,0.33,0.7283,0.16,0.2935,0.41,0.9783,0.65,0.0,0.44,0.7283,0.24,0.663,0.4
user_953094__disgust_02553_mp3__r001,user_953094,songs/disgust/disgust_02553.mp3,disgust_02553.mp3,disgust\disgust_02553.mp3,1,disgust,46,0.2419,0.21,0.1613,0.4,0.5806,0.23,0.9839,0.41,1.0,0.68,0.4839,0.32,0.4516,0.18,0.0,0.38
user_953094__amusement_17647_mp3__r002,user_953094,songs/amusement/amusement_17647.mp3,amusement_17647.mp3,amusement\amusement_17647.mp3,2,amusement,50,1.0,0.37,0.5949,0.0,0.3354,0.0,0.0,0.3,0.2532,0.0,0.6329,0.0,0.6709,0.0,0.7911,0.42
user_953094__awe_09139_mp3__r003,user_953094,songs/awe/awe_09139.mp3,awe_09139.mp3,awe\awe_09139.mp3,3,awe,40,0.3566,0.41,0.3256,0.0,0.2713,0.0,0.0,0.39,0.1279,0.17,1.0,0.1,0.0271,0.0,0.1512,0.39
user_953094__contentment_10032_mp3__r004,user_953094,songs/contentment/contentment_10032.mp3,contentment_10032.mp3,contentment\contentment_10032.mp3,4,contentment,39,0.5963,0.25,0.0,0.01,0.0497,0.0,1.0,0.59,0.0186,0.0,0.3478,0.04,0.2671,0.0,0.2484,0.2
user_953094__excitement_07981_mp3__r005,user_953094,songs/excitement/excitement_07981.mp3,excitement_07981.mp3,excitement\excitement_07981.mp3,5,excitement,28,0.52,0.62,0.24,0.02,0.0,0.05,0.67,0.02,0.235,0.02,0.6,0.62,0.15,0.02,1.0,0.6
user_953094__anger_08253_mp3__r006,user_953094,songs/anger/anger_08253.mp3,anger_08253.mp3,anger\anger_08253.mp3,6,anger,32,0.8596,0.35,1.0,0.0,0.6298,0.0,0.0,0.4,0.4468,0.08,0.6596,0.0,0.6383,0.0,0.8894,0.02
user_953094__fear_09171_mp3__r007,user_953094,songs/fear/fear_09171.mp3,fear_09171.mp3,fear\fear_09171.mp3,7,fear,36,0.2388,0.59,0.4328,0.0,0.0896,0.0,0.0,0.44,0.5522,0.0,0.2537,0.0,1.0,0.0,0.4179,0.03
user_953094__anger_02010_mp3__r008,user_953094,songs/anger/anger_02010.mp3,anger_02010.mp3,anger\anger_02010.mp3,8,anger,32,0.7273,0.51,1.0,0.0,0.8434,0.0,0.0,0.28,0.6212,0.0,0.9899,0.0,0.6818,0.0,0.7626,0.35
user_953094__disgust_02058_mp3__r009,user_953094,songs/disgust/disgust_02058.mp3,disgust_02058.mp3,disgust\disgust_02058.mp3,9,disgust,41,0.0881,0.13,0.6289,0.15,0.2704,0.0,0.5157,0.02,1.0,0.0,0.0,0.46,0.3333,0.53,0.044,0.73
user_953094__contentment_10029_mp3__r010,user_953094,songs/contentment/contentment_10029.mp3,contentment_10029.mp3,contentment\contentment_10029.mp3,10,contentment,32,0.6514,1.0,0.1743,0.0,0.6147,0.0,1.0,0.73,0.0459,0.0,0.5688,0.0,0.0,0.0,0.7706,0.85
user_953094__excitement_07982_mp3__r011,user_953094,songs/excitement/excitement_07982.mp3,excitement_07982.mp3,excitement\excitement_07982.mp3,11,excitement,35,0.467,0.0,0.4533,0.34,0.4487,0.0,0.6036,0.0,0.1845,0.0,0.0,0.53,0.4897,0.67,1.0,0.79
user_953094__sadness_03448_mp3__r012,user_953094,songs/sadness/sadness_03448.mp3,sadness_03448.mp3,sadness\sadness_03448.mp3,12,sadness,39,0.8492,0.27,0.2381,0.0,1.0,0.0,0.5079,0.06,0.1984,0.07,0.5317,0.0,0.0,0.0,0.2381,0.45
user_953094__awe_09117_mp3__r013,user_953094,songs/awe/awe_09117.mp3,awe_09117.mp3,awe\awe_09117.mp3,13,awe,31,0.5079,0.26,0.2795,0.38,0.4449,0.0,0.7795,0.04,0.0,0.0,1.0,0.55,0.1457,0.26,0.3465,0.64
user_953094__sadness_07975_mp3__r014,user_953094,songs/sadness/sadness_07975.mp3,sadness_07975.mp3,sadness\sadness_07975.mp3,14,sadness,27,0.3056,0.23,0.3849,0.0,1.0,0.0,0.5357,0.32,0.2381,0.0,0.6389,0.0,0.4603,0.05,0.0,0.55
user_953094__fear_03314_mp3__r015,user_953094,songs/fear/fear_03314.mp3,fear_03314.mp3,fear\fear_03314.mp3,15,fear,29,0.3178,0.55,0.8598,0.27,0.0,0.0,0.0093,0.59,0.7664,0.0,0.0093,0.05,1.0,0.0,0.9065,0.6
user_961536__contentment_10002_mp3__r000,user_961536,songs/contentment/contentment_10002.mp3,contentment_10002.mp3,contentment\contentment_10002.mp3,0,contentment,82,0.3846,0.89,0.0,0.74,0.5,0.59,1.0,0.69,0.4451,0.65,0.4066,0.78,0.4725,0.56,0.5714,0.49
user_961536__disgust_08857_mp3__r001,user_961536,songs/disgust/disgust_08857.mp3,disgust_08857.mp3,disgust\disgust_08857.mp3,1,disgust,73,0.6239,0.55,0.9725,0.67,0.7982,0.0,0.0734,0.64,1.0,0.0,0.3578,0.7,0.1651,0.03,0.0,0.75
user_961536__anger_04355_mp3__r002,user_961536,songs/anger/anger_04355.mp3,anger_04355.mp3,anger\anger_04355.mp3,2,anger,59,0.5643,0.86,1.0,0.08,0.8,0.0,0.2071,0.47,0.2571,0.0,0.1429,0.41,0.0,0.0,0.5429,0.94
user_961536__amusement_08311_mp3__r003,user_961536,songs/amusement/amusement_08311.mp3,amusement_08311.mp3,amusement\amusement_08311.mp3,3,amusement,33,1.0,0.74,0.3081,0.15,0.1946,0.04,0.0486,0.36,0.0,0.0,0.4108,0.71,0.5459,0.46,0.6432,0.42
user_961536__sadness_07947_mp3__r004,user_961536,songs/sadness/sadness_07947.mp3,sadness_07947.mp3,sadness\sadness_07947.mp3,4,sadness,38,0.0744,0.2,0.7769,0.91,1.0,0.07,0.0,0.74,0.7851,0.06,0.2893,0.64,0.2479,0.7,0.1488,0.77
user_961536__fear_09191_mp3__r006,user_961536,songs/fear/fear_09191.mp3,fear_09191.mp3,fear\fear_09191.mp3,6,fear,42,0.447,0.51,0.1212,0.01,0.0,0.12,0.6061,0.3,0.1591,0.0,0.9848,0.36,1.0,0.09,0.6288,0.16
user_961536__awe_09143_mp3__r007,user_961536,songs/awe/awe_09143.mp3,awe_09143.mp3,awe\awe_09143.mp3,7,awe,33,0.4556,1.0,0.2899,0.57,0.0,0.01,0.2308,0.9,0.2012,0.0,1.0,0.76,0.0592,0.3,0.3314,0.32
user_961536__fear_09247_mp3__r008,user_961536,songs/fear/fear_09247.mp3,fear_09247.mp3,fear\fear_09247.mp3,8,fear,32,0.7818,0.32,0.7545,0.86,0.1273,0.78,0.8727,0.1,0.6364,0.09,0.0,0.65,1.0,0.53,0.7727,0.13
user_961536__excitement_08004_mp3__r009,user_961536,songs/excitement/excitement_08004.mp3,excitement_08004.mp3,excitement\excitement_08004.mp3,9,excitement,36,0.9358,0.18,0.3048,0.19,0.0,0.01,0.893,0.93,0.0428,0.0,0.5989,0.15,0.4064,0.0,1.0,0.32
user_961536__sadness_03477_mp3__r010,user_961536,songs/sadness/sadness_03477.mp3,sadness_03477.mp3,sadness\sadness_03477.mp3,10,sadness,33,0.3803,0.94,0.3474,0.02,1.0,0.11,0.5587,0.42,0.2911,0.05,0.3709,0.53,0.385,0.03,0.0,0.31
user_961536__excitement_08003_mp3__r011,user_961536,songs/excitement/excitement_08003.mp3,excitement_08003.mp3,excitement\excitement_08003.mp3,11,excitement,36,0.3613,0.37,0.4706,0.08,0.1597,0.47,0.5462,0.55,0.0,0.02,0.084,0.75,0.7899,0.26,1.0,0.04
user_961536__amusement_08272_mp3__r012,user_961536,songs/amusement/amusement_08272.mp3,amusement_08272.mp3,amusement\amusement_08272.mp3,12,amusement,32,1.0,0.71,0.5279,0.0,0.1574,0.87,0.0,0.41,0.1015,0.0,0.3299,0.45,0.802,0.29,0.9695,0.16
